"id","surname","firstname","genre","mail","password","birthday"
1,"Parrot","Henri","male","HenriParrot@armyspy.com","Uroo3aeji","1/31/1985"
2,"Du Trieux","Pinabel","male","PinabelDuTrieux@superrito.com","epooxai4H","7/12/1975"
3,"Barrette","Louis","male","LouisBarrette@rhyta.com","miZ1wee9Qu","4/22/1976"
4,"Beauchemin","Fifine","female","FifineBeauchemin@fleckens.hu","uu7IeThah","11/7/1974"
5,"Guernon","Amorette","female","AmoretteGuernon@fleckens.hu","muv4AhngaaTh","8/9/1970"
6,"Arpin","Pinabel","male","PinabelArpin@armyspy.com","Baijae1oh","7/27/1967"
7,"Veronneau","Théophile","male","TheophileVeronneau@rhyta.com","Ul5hahzeigh","4/4/1997"
8,"Sansouci","Beltane","male","BeltaneSansouci@rhyta.com","ieyeew2Tho","1/27/1971"
9,"Généreux","Marveille","female","MarveilleGenereux@gustr.com","thoo4SiPiyae","11/5/1984"
10,"Sicard","Varden","male","VardenSicard@cuvox.de","Owee7aijaa7","12/25/2000"
